<?xml version="1.0" encoding="UTF-8"?>
<document version="1.2.0">
  <chunks next_id="2" active_id="1">
    <chunk id="0" path="0/chunk.zip"/>
    <chunk id="1" path="1/chunk.zip"/>
  </chunks>
  <meta>
    <property name="Info/LastSavedDateTime" value="2021:08:18 01:16:34"/>
    <property name="Info/LastSavedSoftwareVersion" value="1.7.0.11736"/>
    <property name="Info/OriginalDateTime" value="2021:08:18 01:12:46"/>
    <property name="Info/OriginalSoftwareName" value="Agisoft Metashape"/>
    <property name="Info/OriginalSoftwareVendor" value="Agisoft"/>
    <property name="Info/OriginalSoftwareVersion" value="1.7.0.11736"/>
  </meta>
</document>
