<?xml version="1.0" encoding="UTF-8"?>
<chunk version="1.2.0" label="frame" enabled="true">
  <sensors next_id="0"/>
  <components next_id="0"/>
  <cameras next_id="0" next_group_id="0"/>
  <markers next_id="3" next_group_id="0">
    <marker id="0" label="b"/>
    <marker id="1" label="y"/>
    <marker id="2" label="r"/>
  </markers>
  <scalebars next_id="2" next_group_id="0">
    <scalebar id="0" label="b_r">
      <endpoint marker_id="0"/>
      <endpoint marker_id="2"/>
    </scalebar>
    <scalebar id="1" label="b_y">
      <endpoint marker_id="0"/>
      <endpoint marker_id="1"/>
    </scalebar>
  </scalebars>
  <frames next_id="1">
    <frame id="0" path="0/frame.zip"/>
  </frames>
  <reference>LOCAL_CS["Local Coordinates (m)",LOCAL_DATUM["Local Datum",0],UNIT["metre",1,AUTHORITY["EPSG","9001"]]]</reference>
  <settings>
    <property name="accuracy_tiepoints" value="1"/>
    <property name="accuracy_cameras" value="10"/>
    <property name="accuracy_cameras_ypr" value="10"/>
    <property name="accuracy_markers" value="0.0050000000000000001"/>
    <property name="accuracy_scalebars" value="0.001"/>
    <property name="accuracy_projections" value="0.5"/>
  </settings>
  <meta>
    <property name="Info/LastSavedDateTime" value="2021:08:18 22:05:56"/>
    <property name="Info/LastSavedSoftwareVersion" value="1.7.0.11736"/>
  </meta>
</chunk>
